map,algorithm,iteration,fire_seed,survived,turns,agents_escaped
map2,ucs,0,32875719,0.4375,12,35
map2,ucs,1,1825692004,0.3625,12,29
map2,ucs,2,1028459270,0.4375,13,35
map2,ucs,3,618373452,0.225,6,18
map2,ucs,4,1639929266,0.5,14,40
map2,ucs,5,1866790886,0.2625,8,21
map2,ucs,6,955812090,0.5125,14,41
map2,ucs,7,1579140097,0.5,14,40
map2,ucs,8,888017933,0.5125,14,41
map2,ucs,9,2012729214,0.4125,12,33
map2,ucs,10,1733639050,0.225,7,18
map2,ucs,11,183251539,0.3625,11,29
map2,ucs,12,1130548399,0.5125,14,41
map2,ucs,13,1830897479,0.5,14,40
map2,ucs,14,1018734154,0.475,13,38
map2,ucs,15,1306461360,0.475,13,38
map2,ucs,16,625642051,0.45,13,36
map2,ucs,17,1974615873,0.475,13,38
map2,ucs,18,179406247,0.5,14,40
map2,ucs,19,1768529200,0.4125,12,33
map2,ucs,20,1974844459,0.35,11,28
map2,ucs,21,491014167,0.0625,2,5
map2,ucs,22,1327101808,0.525,14,42
map2,ucs,23,1709342628,0.3625,12,29
map2,ucs,24,735289691,0.4375,12,35
map2,ucs,25,2113627649,0.45,12,36
map2,ucs,26,521525510,0.4375,12,35
map2,ucs,27,977876439,0.3625,12,29
map2,ucs,28,1821331588,0.4625,13,37
map2,ucs,29,179700464,0.5125,14,41
map2,ucs,30,30285460,0.5,14,40
map2,ucs,31,2129585033,0.4875,13,39
map2,ucs,32,1469274042,0.45,12,36
map2,ucs,33,1693996058,0.3875,13,31
map2,ucs,34,1540013053,0.5,14,40
map2,ucs,35,3219457,0.375,11,30
map2,ucs,36,466656551,0.3875,13,31
map2,ucs,37,1659124175,0.5,14,40
map2,ucs,38,1003795605,0.2875,8,23
map2,ucs,39,481928544,0.4125,13,33
map2,ucs,40,1493955061,0.5125,14,41
map2,ucs,41,270460337,0.475,13,38
map2,ucs,42,977238999,0.3625,12,29
map2,ucs,43,1165445344,0.5125,14,41
map2,ucs,44,1671753009,0.425,12,34
map2,ucs,45,36589117,0.3625,13,29
map2,ucs,46,391692378,0.425,12,34
map2,ucs,47,576934631,0.4875,14,39
map2,ucs,48,1483431436,0.4875,13,39
map2,ucs,49,200504978,0.45,12,36
map2,ucs,50,1058984142,0.4875,13,39
map2,ucs,51,492953101,0.3375,13,27
map2,ucs,52,1874182715,0.4875,14,39
map2,ucs,53,857634748,0.4875,13,39
map2,ucs,54,900260258,0.3625,10,29
map2,ucs,55,1423051507,0.5,14,40
map2,ucs,56,1830255405,0.5125,14,41
map2,ucs,57,866696286,0.525,14,42
map2,ucs,58,1471706070,0.375,13,30
map2,ucs,59,581552415,0.4875,13,39
map2,ucs,60,639491746,0.45,13,36
map2,ucs,61,1351436708,0.45,12,36
map2,ucs,62,1379503352,0.5,14,40
map2,ucs,63,498462931,0.3,9,24
map2,ucs,64,1040096683,0.4,12,32
map2,ucs,65,514825620,0.4375,12,35
map2,ucs,66,682403907,0.4625,13,37
map2,ucs,67,1282218043,0.375,11,30
map2,ucs,68,470212842,0.25,9,20
map2,ucs,69,603800042,0.4,12,32
map2,ucs,70,1888390788,0.3125,10,25
map2,ucs,71,803708182,0.3625,13,29
map2,ucs,72,490184892,0.45,13,36
map2,ucs,73,1845902376,0.2875,9,23
map2,ucs,74,576419457,0.4125,13,33
map2,ucs,75,1726318742,0.425,13,34
map2,ucs,76,451697391,0.5,14,40
map2,ucs,77,1024107433,0.0875,3,7
map2,ucs,78,1706895024,0.4,12,32
map2,ucs,79,2116371570,0.45,13,36
map2,ucs,80,589402113,0.2875,9,23
map2,ucs,81,373157577,0.3875,13,31
map2,ucs,82,1488062799,0.3875,12,31
map2,ucs,83,1718314294,0.425,12,34
map2,ucs,84,2138306193,0.375,11,30
map2,ucs,85,2051408263,0.2125,7,17
map2,ucs,86,1601429027,0.5125,14,41
map2,ucs,87,212136546,0.4875,13,39
map2,ucs,88,91533192,0.475,14,38
map2,ucs,89,461712248,0.425,12,34
map2,ucs,90,905756160,0.25,7,20
map2,ucs,91,1455879635,0.425,13,34
map2,ucs,92,748153871,0.5,14,40
map2,ucs,93,161090422,0.4,12,32
map2,ucs,94,873140375,0.25,7,20
map2,ucs,95,588097077,0.4375,12,35
map2,ucs,96,1997553756,0.25,7,20
map2,ucs,97,2067726307,0.4,11,32
map2,ucs,98,206272882,0.45,13,36
map2,ucs,99,1696771226,0.5,14,40
map2,ucs,100,730343559,0.525,14,42
map2,ucs,101,626493290,0.4375,13,35
map2,ucs,102,2120937454,0.5125,14,41
map2,ucs,103,885795479,0.525,14,42
map2,ucs,104,2079249200,0.35,12,28
map2,ucs,105,1997646568,0.525,14,42
map2,ucs,106,2015974533,0.475,14,38
map2,ucs,107,397756661,0.4375,12,35
map2,ucs,108,2092092241,0.375,12,30
map2,ucs,109,1830559773,0.4875,13,39
map2,ucs,110,454102327,0.3625,11,29
map2,ucs,111,959022843,0.4,12,32
map2,ucs,112,508039328,0.4875,14,39
map2,ucs,113,1206284924,0.525,14,42
map2,ucs,114,184013319,0.325,11,26
map2,ucs,115,1265695006,0.4375,12,35
map2,ucs,116,1936496124,0.475,13,38
map2,ucs,117,1524048463,0.525,14,42
map2,ucs,118,1025378101,0.5,14,40
map2,ucs,119,128779681,0.3625,11,29
map2,ucs,120,319720723,0.375,13,30
map2,ucs,121,1068241143,0.3625,10,29
map2,ucs,122,592293905,0.5125,14,41
map2,ucs,123,868999083,0.3875,12,31
map2,ucs,124,1444629133,0.425,13,34
map2,ucs,125,1075735461,0.3125,10,25
map2,ucs,126,825452241,0.425,12,34
map2,ucs,127,1054670777,0.4,12,32
map2,ucs,128,2022455659,0.425,13,34
map2,ucs,129,713749958,0.45,13,36
map2,ucs,130,618480556,0.5,14,40
map2,ucs,131,4551030,0.525,14,42
map2,ucs,132,1825909302,0.4625,13,37
map2,ucs,133,1579507787,0.4375,12,35
map2,ucs,134,1823739911,0.475,14,38
map2,ucs,135,1741030176,0.5,14,40
map2,ucs,136,536923689,0.325,10,26
map2,ucs,137,434432357,0.4375,13,35
map2,ucs,138,1080751916,0.3,9,24
map2,ucs,139,346180683,0.525,14,42
map2,ucs,140,652738192,0.4875,13,39
map2,ucs,141,526995391,0.425,13,34
map2,ucs,142,2120890634,0.3875,13,31
map2,ucs,143,1975907901,0.3625,13,29
map2,ucs,144,584456708,0.4875,14,39
map2,ucs,145,1351055676,0.4375,13,35
map2,ucs,146,1441286559,0.5125,14,41
map2,ucs,147,2142403519,0.475,14,38
map2,ucs,148,436180938,0.5125,14,41
map2,ucs,149,1280634058,0.4,13,32
map2,ucs,150,1581820655,0.3875,12,31
map2,ucs,151,1638025261,0.5125,14,41
map2,ucs,152,1992471022,0.425,12,34
map2,ucs,153,1121306986,0.375,11,30
map2,ucs,154,1560579159,0.4875,13,39
map2,ucs,155,1702115587,0.4,12,32
map2,ucs,156,231024573,0.525,14,42
map2,ucs,157,1263581483,0.5125,14,41
map2,ucs,158,366184274,0.5,14,40
map2,ucs,159,1727783145,0.5125,14,41
map2,ucs,160,1591713420,0.3375,11,27
map2,ucs,161,80828632,0.4625,13,37
map2,ucs,162,2005178614,0.525,14,42
map2,ucs,163,1996525465,0.475,13,38
map2,ucs,164,140697614,0.325,10,26
map2,ucs,165,101745093,0.425,12,34
map2,ucs,166,1715586588,0.525,14,42
map2,ucs,167,1065567630,0.4,13,32
map2,ucs,168,1414221741,0.3875,12,31
map2,ucs,169,1272032777,0.5125,14,41
map2,ucs,170,263225329,0.5,14,40
map2,ucs,171,20088543,0.475,13,38
map2,ucs,172,148656669,0.4875,13,39
map2,ucs,173,607574901,0.3875,13,31
map2,ucs,174,1000969266,0.475,13,38
map2,ucs,175,793273317,0.425,12,34
map2,ucs,176,1604164843,0.3375,11,27
map2,ucs,177,1989115029,0.5,14,40
map2,ucs,178,1077921896,0.225,9,18
map2,ucs,179,787512725,0.325,10,26
map2,ucs,180,466047016,0.2375,7,19
map2,ucs,181,835268467,0.5125,14,41
map2,ucs,182,1317244470,0.45,13,36
map2,ucs,183,735382707,0.4875,13,39
map2,ucs,184,1345212011,0.4375,13,35
map2,ucs,185,1788175627,0.4125,11,33
map2,ucs,186,1449870999,0.5125,14,41
map2,ucs,187,791143453,0.2125,6,17
map2,ucs,188,1133141265,0.1875,7,15
map2,ucs,189,992628244,0.375,11,30
map2,ucs,190,1812489779,0.3,11,24
map2,ucs,191,1877019040,0.475,13,38
map2,ucs,192,2098638465,0.4625,13,37
map2,ucs,193,1792484518,0.5,14,40
map2,ucs,194,689330160,0.375,11,30
map2,ucs,195,1408409210,0.5125,14,41
map2,ucs,196,536577788,0.5,14,40
map2,ucs,197,2123770222,0.475,14,38
map2,ucs,198,724416324,0.45,13,36
map2,ucs,199,115805391,0.425,13,34
