map,algorithm,survival_rate,mean_turns,std_turns,min_turns,max_turns,n
map1,bfs,0.3967,11.87,6.25,2,21,200
map1,ucs,0.3938,12.13,6.17,3,21,200
map1,astar,0.4016,12.33,5.94,2,21,200
map1,greedy,0.4083,12.62,5.37,3,20,200
map1,genetic,0.4188,12.86,5.89,3,21,200
map2,bfs,0.4537,13.28,5.38,3,24,200
map2,ucs,0.4263,12.6,5.73,2,24,200
map2,astar,0.4166,12.44,5.05,3,25,200
map2,greedy,0.4021,13.02,5.79,3,25,200
map2,genetic,0.4593,13.62,5.54,3,25,200
map3,bfs,0.4507,12.55,3.78,5,21,200
map3,ucs,0.4475,12.36,4.15,3,21,200
map3,astar,0.4424,12.23,4.1,3,21,200
map3,greedy,0.4198,11.7,3.92,3,21,200
map3,genetic,0.4394,12.15,4.38,3,21,200
